IDENT;HPM_VAL;HPS_VAL;MJO_VAL;HPM_%;HPS_%;MJO_%;PL_VAL;PL_%;VIT_VAL;VIT_EVO;COMMENT;NOM_VOIE;SENS_CIR;V85_VL;V85_PL
Z08AS;370;419;6050;-31.0;-23.0;-22.0;159;-2.0;16;-12.82;;Cenon 10 Avenue J. Jaurès;Sens Sortant;;
Z12AE;277;299;3616;-5.0;-6.0;-14.0;169;-3.0;28;1.36;;Bègles 99 Cours Victor Hugo;Sens Entrant;;
Z12AS;231;316;3333;7.0;1.0;-16.0;184;-6.0;28;2.51;;Bègles 99 Cours Victor Hugo;Sens Sortant;;
Z14BS;359;412;6082;7.0;5.0;-1.0;706;-6.0;48;;;Bordeaux Blvd A.Daney Latule  R.Maran;Sens Sortant;;
Z16CS;881;611;7970;-1.0;-7.0;-12.0;260;-1.0;40;-1.04;;Pessac Avenue de Canejan niveau rocade;Sens Sortant;;
Z17DS;359;487;3784;-11.0;-19.0;-15.0;146;-8.0;47;2.35;;Talence Avenue de Thouars (face au chateau);Sens Sortant;;
Z19CS;665;705;8658;-7.0;-2.0;-5.0;661;1.0;30;7.91;;Villenave d'Ornon Rue Pierre Proud'hon;Sens Sortant;;
Z19DS;534;530;5658;5.0;-5.0;-4.0;171;2.0;34;5.52;;Talence 177 chemin de Leysotte;Sens Sortant;;
Z20AE;602;655;8183;-11.0;-4.0;-8.0;192;-11.0;32;8.35;;Bordeaux 248 Avenue Tassigny;Sens Entrant;;
Z21CS;310;366;3983;-15.0;-24.0;-19.0;89;-42.0;36;8.88;;Le Bouscat 58 Avenue de Tivoli;Sens Sortant;;
Z22AS;356;731;6548;3.0;-2.0;-4.0;563;7.0;54;5.32;;Lormont 34 quai Elisabeth Dupeyron;Sens Sortant;;
Z22CS;795;820;13992;-14.0;20.0;-5.0;543;-8.0;38;6.36;;Lormont Avenue Kennedy Amitié;Sens Sortant;;
Z23AE;612;577;6717;2.0;-7.0;-2.0;149;-21.0;32;7.84;;Eysines 126 Avenue du Taillan;Sens Entrant;;
Z23EE;1136;1033;12606;-2.0;2.0;-8.0;687;10.0;58;-2.68;;Le Taillan-Médoc Route de Lacanau;Sens Entrant;;
Z26AE;749;730;9155;-8.0;-3.0;-4.0;425;6.0;33;-2.58;;Bègles Route de Courréjean;Sens Entrant;;
Z27AE;553;528;6110;-17.0;-21.0;-14.0;254;-10.0;40;0.29;;Pessac Avenue Pasteur niveau rocade;Sens Entrant;;
Z27AS;625;575;6521;;;;278;;41;;;Pessac Avenue Pasteur niveau rocade;Sens Sortant;;
Z28AE;829;606;8354;;;;514;;;;;Saint-Médard-en-Jalles Avenue de Capeyron;Sens Entrant;;
Z28AS;538;826;8000;;;;498;;;;;Saint-Médard-en-Jalles Avenue de Capeyron;Sens Sortant;;
Z29CS;785;1333;12027;-6.0;-8.0;-8.0;400;8.0;37;5.78;;Cenon Blvd de l'Entre-deux-Mers;Sens Sortant;;
Z30AE;368;637;7467;19.0;-22.0;-20.0;135;-37.0;48;0.2;;Mérignac Avenue Kennedy Matosinhos Lartigue;Sens Entrant;;
Z30AS;721;694;9325;-9.0;1.0;-12.0;265;-19.0;42;2.89;;Mérignac Avenue Kennedy Matosinhos Lartigue;Sens Sortant;;
Z30CS;431;428;5368;-17.0;-4.0;-12.0;265;-3.0;29;11.31;;Mérignac face au 153 Avenue de la Somme;Sens Sortant;;
Z30GE;750;721;11255;23.0;27.0;7.0;1107;12.0;63;5.08;Déviation Beutre;Mérignac Avenue François Mitterrand;Sens Entrant;;
Z30GS;764;1308;13741;17.0;0.0;1.0;1244;11.0;59;14.56;Déviation Beutre;Mérignac Avenue François Mitterrand;Sens Sortant;;
Z32AS;457;666;6613;-13.0;14.0;-13.0;348;-6.0;45;23.43;;Floirac 35 Avenue Gaston Cabannes;Sens Sortant;;
Z33AE;702;659;10194;;;;845;;43;;;Blanquefort Avenue du XI Novembre;Sens Entrant;;
Z35AE;518;766;10451;;;;428;;44;;;Ambares Avenue de la Libération;Sens Entrant;;
Z7CE;543;338;4949;3.0;20.0;-3.0;337;9.0;;;;Martignas Avenue du bassin d'Arcachon;Sens Entrant;;
Z10CT10;;;;;;;;;;;;Bordeaux Rue de Pessac après barrière;Sens Entrant;;
Z10CT13;354;381;5150;-10.0;-10.0;-7.0;;;;;;Bordeaux 245 Rue du Tondu;Sens Entrant;;
Z10CT18;965;800;12202;1.0;0.0;-3.0;;;;;;Bordeaux Béchade après Quintin;Sens Entrant;;
Z10CT6;;;;;;;;;;;;Bordeaux Rue de Pessac après Audeguil;Sens Sortant;;
Z10CT9;713;724;7747;-8.0;-13.0;-12.0;;;;;;Bordeaux Cours Galliéni après Médoquine;Sens Entrant;;
Z11CT1;242;315;3833;14.0;-2.0;-1.0;;;;;;Talence Cours Gambetta avant Lamartine;Sens Entrant;;
Z11CT17;398;373;4659;-6.0;3.0;-3.0;;;;;;Bordeaux Argonne après Bertrand de Goth;Sens Entrant;;
Z11CT7;374;370;4533;-1.0;7.0;3.0;;;;;;Bordeaux Rue St Genès après Ségur;Sens Sortant;;
Z11CT9;756;924;12464;-7.0;-8.0;-9.0;;;;;;Talence Boulevard George V;Sud > Nord;;
Z12CT1;400;453;5818;-4.0;-6.0;1.0;;;;;;Bordeaux Cours de la Somme après Monsarrat;Sens Sortant;;
Z12CT11;552;692;8724;-6.0;-6.0;-4.0;;;;;;Bordeaux 149 Blvd Albert 1er;Nord > Sud;;
Z12CT14;225;352;3184;-16.0;-15.0;-17.0;;;;;;Bordeaux Rue de Bègles après Rue Aupérie;Sens Sortant;;
Z12CT16;392;290;3829;-8.0;-13.0;-10.0;;;;;;Bordeaux Rue de Bègles après Vaucouleur;Sens Entrant;;
Z12CT6;586;518;8773;-8.0;-9.0;-10.0;;;;;;Bordeaux Route Toulouse après Suzon;Sens Entrant;;
Z12CT7;631;617;8795;8.0;1.0;-1.0;;;;;;Bordeaux Cours de la Somme après Brun;Sens Entrant;;
Z13CT1;470;526;9127;;;;;;;;;Bordeaux Blvd Pierre 1er avant Hugo;Nord > Sud;;
Z13CT18;302;332;4990;-7.0;-20.0;-14.0;;;;;;Bordeaux Rue Fondaudège;;;
Z13CT9;189;191;2745;-10.0;-7.0;-10.0;;;;;;Bordeaux Rue Johnston avant Arsenal;Sens Entrant;;
Z14CT1;984;831;13455;-8.0;-2.0;-10.0;;;;;;Bordeaux Blvd Godard avant Trébod;Sud > Nord;;
Z14CT10;1031;1089;15234;-1.0;-4.0;-6.0;;;;;;Bordeaux Blvd A. Daney avant Ravesies;Nord > Sud;;
Z14CT14;563;521;7176;-14.0;-8.0;-11.0;;;;;;Bordeaux Quai Chartrons avant Chantecrit;Sud > Nord;;
Z14CT15;766;880;10982;;;;;;;;;Bordeaux Rue Faure;Sens Sortant;;
Z14CT16;384;385;5810;-5.0;1.0;-6.0;;;;;;Bordeaux Quai de Bacalan après L. Faure;Nord > Sud;;
Z14CT23;533;574;6944;-2.0;-3.0;-8.0;;;;;;Bordeaux Brazza avant le pont;Sud > Nord;;
Z14CT5;534;580;7382;;;;;;;;;Bordeaux Allée de Boutaut;Sens Sortant;;
Z14CT8;1870;2463;27234;-5.0;-1.0;-7.0;;;;;;Bordeaux Blvd A d'Aquitaine après Latule;Sens Sortant;;
Z15CT12;371;324;4690;5.0;5.0;1.0;;;;;;Bordeaux Avenue E. Counord avant Guillemin;Sens Entrant;;
Z15CT14;;;;;;;;;;;;Bordeaux Martinique vers quais;Centre Ville Sortant;;
Z15CT2;286;378;4828;-8.0;4.0;-5.0;;;;;;Bordeaux Cours Portal après Doumer;Sens Sortant;;
Z15CT3;470;466;7119;5.0;0.0;0.0;;;;;;Bordeaux Cours Portal avant Doumer;Nord > Sud;;
Z15CT4;417;393;6197;0.0;-7.0;-6.0;;;;;;Bordeaux Cours de Verdun après Doumer;Nord > Sud;;
Z16CT1;527;521;6131;;;;;;;;;Pessac Avenue Jean Jaurès;Sens Sortant;;
Z16CT12;165;195;1934;;;;;;;;;Pessac Avenue Bougnard;Sens Entrant;;
Z16CT4;425;625;5863;;;;;;;;;Pessac Avenue de Canéjan;Sens Entrant;;
Z16CT9;243;307;2758;-13.0;-11.0;-13.0;;;;;;Pessac Cordier après Cimetière;Sens Sortant;;
Z17CT1;428;463;5601;-5.0;5.0;1.0;;;;;;Talence Cours Gambetta avant Rue Mirabeau;Sens Sortant;;
Z17CT10;1013;1094;14064;;;;;;;;;Talence Cours de la Libération;Sens Entrant;;
Z17CT3;;;;;;;;;;;;Talence Libération avant AvenueMarly;Sens Sortant;;
Z17CT6;433;575;7625;;;;;;;;;Talence 455 Cours de la Libération;Sens Entrant;;
Z18CT10;502;506;6133;-11.0;-15.0;-12.0;;;;;;Gradignan Gal de Gaulle après Rochefort;Sens Entrant;;
Z18CT11;293;257;3242;-14.0;-6.0;-9.0;;;;;;Gradignan F. de Monjous avant de Gaulle;Sud > Nord;;
Z18CT13;285;439;4564;8.0;-4.0;0.0;;;;;;Gradignan Lahouneau avant de Gaulle;Nord > Sud;;
Z18CT4;383;339;4449;-7.0;-8.0;-8.0;;;;;;Gradignan Gal de Gaulle avant place;Sens Entrant;;
Z18CT5;364;435;4992;-7.0;-11.0;-8.0;;;;;;Gradignan Gal de Gaulle avant platanes;Sens Entrant;;
Z19CT14;517;982;11491;;;;;;;;;Villenave d'Ornon bretelle sortie int.;bretelle sortie rocade intérieure;;
Z19CT24;334;232;3393;;;;;;;;;Villenave-d'Ornon Rue Roger Robert;Sens Entrant;;
Z19CT6;540;387;5900;10.0;9.0;6.0;;;;;;Villenave d'Ornon Avenue Georges Clémenceau;Sens Entrant;;
Z19CT9;;;;;;;;;;;;Villenave d'Ornon Leclerc après rocade;Sens Entrant;;
Z1CT13;1731;1370;19951;-6.0;-6.0;-9.0;;;;;;Bordeaux Quai Grave après Allamandier;Sud > Nord;;
Z1CT14;492;529;7394;-4.0;-4.0;-8.0;;;;;;Bordeaux Quai Chartrons apres Hangar 14;Nord > Sud;;
Z1CT16;774;669;9175;-17.0;-6.0;-11.0;;;;;;Bordeaux Quai Chartrons après  Arnozan;Sud > Nord;;
Z1CT6;373;346;5438;-3.0;-6.0;-7.0;;;;;;Bordeaux : Montée Pont de Pierre;Sens Sortant;;
Z1CT9;603;603;8683;-6.0;-6.0;-11.0;;;;;;Bordeaux Quai Chartrons ap Martinique;Nord > Sud;;
Z20CT3;473;620;7023;;;;;;;;;Bordeaux Avenue du Maréchal de Lattre de Tassigny;Sens Sortant;;
Z20CT6;617;519;7151;-2.0;-4.0;-5.0;;;;;;Bordeaux Avenue Leclerc après St Amand;Sens Entrant;;
Z21CT6;169;205;2352;;;;;;;;;Le Bouscat Avenue de la Libération;;;
Z23CT11;727;939;12207;;;;;;;;;Eysines Avenue du Médoc après G. Saux;Sens Sortant;;
Z23CT12;451;679;8048;;;;;;;;;Le Bouscat Route du Médoc;;;
Z23CT16;435;509;6195;;;;;;;;;Eysines Avenue du Médoc après Lesseps;Sens Entrant;;
Z23CT5;;;;;;;;;;;;Eysines Route de Pauillac avant Médoc;Sens Entrant;;
Z23CT7;556;898;10087;;;;;;;;;Bruges Route du Médoc  avant Hippodrome;Sens Entrant;;
Z24CT1;586;607;6674;-11.0;-5.0;-7.0;;;;;;Eysines Avenue de St Médard après Dubrana;Sens Sortant;;
Z24CT10;554;888;11124;-6.0;2.0;-4.0;;;;;;Mérignac Magudas avant Cigale;Sens Entrant;;
Z24CT14;361;270;5144;32.0;4.0;0.0;;;;;;Le Haillan Mermoz avant Magudas;Nord > Sud;;
Z24CT3;529;627;6443;-8.0;-8.0;-8.0;;;;;;Le Haillan Avenue Pasteur après Los Heros;Sens Sortant;;
Z24CT5;864;766;9140;-10.0;-4.0;-7.0;;;;;;Le Haillan Avenue Pasteur après Los Héros;Sens Entrant;;
Z25CT12;586;721;8160;-10.0;-3.0;-6.0;;;;;;Bordeaux Allée de Boutaut avant Laroque;Sens Sortant;;
Z25CT18;181;402;3014;-15.0;-24.0;-18.0;;;;;;Bordeaux Domergue S>N avant rocade;Sud > Nord;;
Z25CT22;125;229;2716;6.0;-13.0;19.0;;;;;;Bordeaux Brunet  apres Brandenbourg;Sud > Nord;;
Z25CT23;352;350;3997;-7.0;-15.0;-9.0;;;;;;Bordeaux Achard niveau Pourmann;Sens Sortant;;
Z25CT5;384;296;3229;-38.0;-31.0;-32.0;;;;;;Bordeaux Cours Bricaud après Vergne;Sens Sortant;;
Z25CT7;282;822;10481;-23.0;-10.0;-12.0;;;;;;Bordeaux Avenue 40 Journaux après Tobeen;Sens Sortant;;
Z26CT2;607;528;8078;;;;;;;;;Bordeaux Blvd Jean-Jacques Bosc;Sens Entrant;;
Z27CT3;493;665;6957;-2.0;-5.0;-6.0;;;;;;Pessac Pasteur avant l'Alouette;Sens Sortant;;
Z27CT6;1199;993;12940;-6.0;3.0;-5.0;;;;;;Pessac Avenue du Bourghail après Monbalon;Sud > Nord;;
Z27CT7;399;481;4898;-6.0;-17.0;-8.0;;;;;;Pessa Avenue du bourgailh après Socrate;Nord > Sud;;
Z28CT1;234;657;7289;-4.0;1.0;-3.0;;;;;;St Medard Avenue DescaRoutes avant T. Gautier;Sens Sortant;;
Z28CT2;402;1106;10251;-7.0;-5.0;-6.0;;;;;;St Medard Avenue Montaigne avant Turon;Sens Sortant;;
Z28CT5;163;156;1786;;;;;;;;;St Médard Rue Rousseau avant Montesquieu;Sens Entrant;;
Z29CT1;1382;1086;14138;-7.0;-10.0;-8.0;;;;;;Floirac Blvd Entre2Mers avant Monrepos;Sens Entrant;;
Z29CT11;1914;1508;19763;-10.0;-11.0;-11.0;;;;;;Bordeaux Joliot Curie après Trarieux;Sens Entrant;;
Z29CT3;1537;1087;14352;;;;;;;;;Cenon Rue Anatole France;Sens Entrant;;
Z29CT7;609;1191;10673;;;;;;;;;Cenon Rue Anatole France;Sens Sortant;;
Z29CT9;446;320;3932;-16.0;-5.0;-7.0;;;;;;Floirac Dubedout avant Allende;Sens Entrant;;
Z2CT10;405;318;5078;-14.0;-25.0;-20.0;;;;;;Bordeaux Cursol après Pasteur;Sens Entrant;;
Z2CT12;313;272;4189;1.0;-1.0;0.0;;;;;;Bordeaux Pl République vers Albret;Sens Entrant;;
Z2CT13;337;424;5590;-4.0;-1.0;-5.0;;;;;;Bordeaux Pl République vers Cursol;Sens Sortant;;
Z2CT14;109;134;1663;-26.0;-17.0;-19.0;;;;;;Bordeaux Cours mal Joffre vers Burguet;Nord > Sud;;
Z2CT16;469;727;8888;;;;;;;;;Bordeaux Cours V. Hugo;Sens Sortant;;
Z2CT17;436;544;7141;-6.0;0.0;-6.0;;;;;;Bordeaux Cours V. Hugo avant Bir-Hakeim;Sens Sortant;;
Z2CT2;15;19;305;;;;;;;;;Bordeaux Pont de Pierre;Sens Sortant;;
Z2CT21;304;435;5158;-10.0;-5.0;-8.0;;;;;;Bordeaux Descente => Allamandier;Bretelle N>S Descente => Allamandier;;
Z2CT22;105;96;1534;-27.0;-20.0;-23.0;;;;;;Bordeaux Descente => poRoute Cailhau;Bretelle S>N Descente => porte Cailhau;;
Z2CT3;524;539;8463;-2.0;-7.0;-10.0;;;;;;Bordeaux Cours V Hugo Bir Hakeim/Rousselle;Sens Entrant;;
Z2CT4;108;197;2603;-5.0;5.0;3.0;;;;;;Bordeaux Alsace Lorraine avant Ausone;Sens Sortant;;
Z2CT6;87;99;1434;-30.0;-28.0;-29.0;;;;;;Bordeaux Rue PL Lande sortie Ste Eulalie;Sens Entrant;;
Z2CT9;602;545;8579;-3.0;-3.0;-5.0;;;;;;Bordeaux Cours V. Hugo Ste Catherine;Sens Entrant;;
Z30CT1;;;;;;;;;;;;Mérignac Avenue Kennedy après 4 Chemins;Sens Sortant;;
Z30CT10;255;506;5483;;;;;;;;;Mérignac Avenue de la Somme;Sens Entrant;;
Z30CT11;324;585;6781;-6.0;-5.0;-7.0;;;;;;Mérignac Avenue Somme après Chemin Long;Sens Entrant;;
Z30CT13;473;501;6453;;;;;;;;;Mérignac Avenue Mendès-France;Sud > Nord;;
Z30CT14;486;519;6377;;;;;;;;;Mérignac Avenue Mendès-France;Nord > Sud;;
Z30CT16;394;405;5216;-10.0;3.0;-2.0;;;;;;Mérignac Avenue Mendès-France;Nord > Sud;;
Z30CT24;150;233;1876;-5.0;-11.0;-5.0;;;;;;Mérignac Eyquems avant Rue Bourly;Sens Entrant;;
Z30CT9;552;442;6458;-15.0;-9.0;-15.0;;;;;;Mérignac Avenue de la Marne après M. France;Sens Sortant;;
Z31CT2;503;900;9546;13.0;-3.0;-4.0;;;;;;Bassens Côte de la Garonne;Nord > Sud;;
Z31CT4;216;321;4713;28.0;4.0;6.0;;;;;;Bassens Sortie autoroute Ech. 2;Bretelle Sortante Nord;;
Z3CT11;455;452;7286;8.0;9.0;4.0;;;;;;Bordeaux Cours Marne après Capucins;Marne vers Victoire;;
Z3CT3;;;;;;;;;;;;Bordeaux Cours Pasteur vers Victoire;Nord > Sud;;
Z3CT4;;;;;;;;;;;;Bordeaux Cours Libération Rodesse/Tondu;Libération vers Victoire;;
Z3CT5;475;522;7823;;;;;;;;;Bordeaux Cours Briand;Vers Victoire;;
Z3CT6;324;305;3910;-19.0;-16.0;-16.0;;;;;;Bordeaux Cours Argonne avant Millière;Sens Entrant;;
Z4CT1;690;600;9493;-7.0;-11.0;-8.0;;;;;;Bordeaux Cours de Verdun angle d'Aviau;Nord > Sud;;
Z4CT10;215;201;2990;-16.0;-6.0;-13.0;;;;;;Bordeaux Rue Michelet après St Sernin;Sens Entrant;;
Z4CT18;707;639;9263;-8.0;-7.0;-11.0;;;;;;Bordeaux Cours Clémenceau avant Buffon;Sud > Nord;;
Z4CT19;286;302;4685;3.0;25.0;22.0;;;;;;Bordeaux Rue N.-Pénard après Michelet;Nord > Sud;;
Z4CT24;174;257;2471;-12.0;-8.0;-19.0;;;;;;Bordeaux Rue d'Aviau avant Ducau;Sens Sortant;;
Z4CT6;305;258;3957;-5.0;-7.0;-8.0;;;;;;Bordeaux Rue Bonnac après Lateulade;Sens Entrant;;
Z4CT7;381;318;5783;6.0;-1.0;5.0;;;;;;Bordeaux Cours N. Pénard après Albret;Sud > Nord;;
Z5CT11;452;372;6022;-5.0;-7.0;-8.0;;;;;;Bordeaux Rue Peyronnet après Tauzia;de Tauzia > Marne;;
Z5CT12;64;99;1054;;;;;;;;;Bordeaux Cours de la Marne après Malbec;Nord > Sud;;
Z5CT13;295;304;5247;-14.0;-17.0;-14.0;;;;;;Bordeaux Cours de la Marne avant Meunier;Nord > Sud;;
Z5CT2;1766;1808;20536;-8.0;2.0;-6.0;;;;;;Bordeaux Blvd Moga;Nord > Sud;;
Z5CT3;;;;;;;;;;;;Bordeaux Quai Souys  Vailllant/Guesde;Quais rive Droite Sud > Nord;;
Z5CT4;766;556;7426;-9.0;-7.0;-8.0;;;;;;Bordeaux Quai Souys Mattéoti/Sembat;Quais rive Droite Sud > Nord;;
Z6CT10;864;763;10376;-3.0;-8.0;-8.0;;;;;;Mérignac Avenue d'Arès après Mondésir;Sens Entrant;;
Z6CT11;783;731;10066;-3.0;-5.0;-7.0;;;;;;Bordeaux : Avenue d'Arès après Schrader;Sens Entrant;;
Z6CT2;1030;896;14497;-10.0;-9.0;-11.0;;;;;;Bordeaux Blvd Wilson après Judaique;Boulevards Nord > Sud;;
Z6CT3;876;995;14453;-27.0;-26.0;-27.0;;;;;;Bordeaux Blvd Antoine Gautier avant Arès;Boulevards Sud > Nord;;
Z7CT13;175;124;1796;-5.0;2.0;-9.0;;;;;;Mérignac Tassigny après Aimé Césaire;Sens Sortant;;
Z7CT7;388;293;3972;-14.0;-1.0;-7.0;;;;;;Mérignac Avenue Libération après Truc;Nord > Sud;;
Z8CT1;291;255;2904;;;;;;;;;Bordeaux Pont de Pierre après Stalingrad;Sens Entrant;;
Z8CT15;334;591;5545;-8.0;-11.0;-10.0;;;;;;Bordeaux Rue Sem;Nord > Sud;;
Z8CT17;574;477;7560;-12.0;-14.0;-13.0;;;;;;Bordeaux Rue Carnot;Sens Entrant;;
Z8CT4;335;282;4195;-3.0;-4.0;-8.0;;;;;;Bordeaux Avenue Thiers après Galin;Sens Entrant;;
Z8CT6;479;330;5722;-15.0;-21.0;-14.0;;;;;;Cenon Avenue J. Jaurès après Paigne;Sens Entrant;;
Z8CT9;400;506;6975;;;;;;;;;Cenon Avenue Jean Jaurès;Sens Sortant;;
Z9CT11;676;685;10026;-7.0;-4.0;-6.0;;;;;;Bordeaux Blvd G. Pompidou après Doumerc;Sens Sortant;;
Z9CT12;534;520;7476;0.0;0.0;-2.0;;;;;;Bordeaux Blvd Geoges Pompidou / Doumerc;Sens Entrant;;
Z9CT14;450;466;6750;-5.0;-1.0;-3.0;;;;;;Mérignac Avenue de Peychotte avant Riaud;Sens Entrant;;
Z9CT15;498;342;5892;-2.0;-11.0;-6.0;;;;;;Mérignac Avenue Mitterrand après A. Chemin;Sens Entrant;;
Z9CT7;594;489;6749;10.0;5.0;5.0;;;;;;Bordeaux 154 Rue d'Ornano après Héron;Sens Entrant;;
Z9CT8;467;543;7166;-15.0;-13.0;-14.0;;;;;;Bordeaux 130 Avenue Larminat après Sourdis;Sens Sortant;;
Z1CT12;;;;;;;;;;;;Bordeaux Quai Ste Croix après P. Monnaie;Nord > Sud;;
Z17CE;;;;;;;;;;;;Gradignan 14 Rue Naudet;Sens Entrant;;
Z17EE;;;;;;;;;;;;Talence 42 Rue Lamartine;Sens Entrant;;
Z17ES;;;;;;;;;;;;Talence 42 Rue Lamartine;Sens Sortant;;
Z17CT12;;;;;;;;;;;;Talence Rue Lamartine avant Paré;Sens Entrant;;
Z05CE;;;;;;;;;;;;Bordeaux Pont St jean;Sens Entrant;;
Z05CS;;;;;;;;;;;;Bordeaux Pont St jean;Sens Sortant;;
Z19CT1;;;;;;;;;;;;Bègles Route de Toulouse après Sévène;Sens Sortant;;
Z3CT15;;;;;;;;;;;;Bordeaux Rue St. Nicolas, avant Somme.;Argonne > Somme;;
Z3CT7;;;;;;;;;;;;Bordeaux Cours Somme après Lafontaine;Sens Entrant;;
Z05AS;203;403;4335;-4.0;-10.0;-2.0;532;-1.0;45;3.11;;Bègles Quai Wilson;Sens Sortant;;
Z05BS;429;908;8253;-9.0;-3.0;-8.0;832;-2.0;42;29.63;;Bordeaux Quai Souys (près Rue Bergès);Sens Sortant;;
Z07BE;288;379;4677;-30.0;-11.0;-6.0;4;;34;;;Mérignac 20 Avenue du Chut;Sens Entrant;;
Z08AE;407;394;5850;-23.0;-22.0;-17.0;256;6.0;17;-19.45;;Cenon 10 Avenue J. Jaurès;Sens Entrant;;
Z09AE;509;429;6681;7.0;0.0;0.0;327;1.0;37;-5.0;;Mérignac VDO;Sens Entrant;;
Z10AS;509;482;4692;-9.0;-19.0;-12.0;27;-1.0;43;2.93;;Talence Rue Vieille Tour Médoquine;Sens Sortant;;
Z10BS;524;485;5655;-24.0;-14.0;-14.0;237;-6.0;31;8.12;;Bordeaux Rue Bethmann Bx II;Sens Sortant;;
Z16AE;382;507;5600;-22.0;-6.0;-8.0;303;-1.0;41;2.17;;Pessac 190 Avenue Jean Jaurès;Sens Entrant;;
Z16DE;613;935;9975;-6.0;-1.0;-1.0;434;2.0;32;7.3;;Pessac 98 Avenue de Saige;Sens Entrant;;
Z16DS;900;848;10384;-5.0;-1.0;0.0;370;-1.0;35;4.02;;Pessac 98 Avenue de Saige;Sens Sortant;;
Z17AE;399;369;5234;11.0;9.0;4.0;127;-54.0;25;-13.79;;Talence Libération Roul Peixotto;Sens Entrant;;
Z17DE;454;335;3571;-12.0;-14.0;-9.0;134;3.0;44;-0.15;;Talence Avenue de Thouars (face au chateau);Sens Entrant;;
Z19AE;450;436;6342;-13.0;-6.0;-6.0;374;-2.0;35;0.72;;Villenave d'Ornon 335 Route Toulouse;Sens Entrant;;
Z19AS;528;565;7269;-10.0;-11.0;-6.0;502;-3.0;36;1.96;;Villenave d'Ornon 335 Route Toulouse;Sens Sortant;;
Z19BS;627;637;9002;-8.0;-6.0;-8.0;822;-7.0;13;-12.14;;Villenave d'Ornon 509 Route Toulouse;Sens Sortant;;
Z20AS;475;582;6701;-5.0;-7.0;-11.0;0;;40;;;Bordeaux 248 Avenue Tassigny;Sens Sortant;;
Z20BE;652;551;6778;3.0;-2.0;-2.0;180;1.0;32;0.46;;Bordeaux 193 Rue Pasteur;Sens Entrant;;
Z21CE;453;425;4970;-3.0;8.0;-5.0;74;-38.0;31;16.94;;Le Bouscat 58 Avenue de Tivoli;Sens Entrant;;
Z21DE;419;455;4670;11.0;10.0;8.0;182;-2.0;30;-10.05;;Le Bouscat Avenue Victor Hugo;Sens Entrant;;
Z21DS;429;419;4426;-22.0;-11.0;-12.0;146;0.0;28;-3.25;;Le Bouscat Avenue Victor Hugo;Sens Sortant;;
Z22AE;601;526;6514;-15.0;-6.0;-11.0;535;0.0;49;0.48;;Lormont 34 quai Elisabeth Dupeyron;Sens Entrant;;
Z22CE;1244;1002;15010;-2.0;-7.0;-5.0;563;-4.0;54;1.79;;Lormont Avenue Kennedy Amitié;Sens Entrant;;
Z22DE;547;813;8822;-16.0;0.0;-4.0;247;-15.0;48;-3.0;;Lormont Avenue de la Résistance;Sens Entrant;;
Z23BS;678;583;6756;-12.0;-14.0;-9.0;366;-1.0;34;1.67;;Bruges Avenue de Gaulle Fleuranceau Rocade;Sens Sortant;;
Z23DE;206;290;3352;3.0;-6.0;2.0;230;7.0;49;1.18;;Bruges Rue de Fieuzal (face au lac);Sens Entrant;;
Z24AE;506;510;6285;-6.0;0.0;-4.0;221;-14.0;44;31.82;;Eysines 245 Avenue de St Médard;Sens Entrant;;
Z24AS;558;557;6263;-10.0;-12.0;-6.0;243;-7.0;45;-0.82;;Eysines 245 Avenue de Saint Médard;Sens Sortant;;
Z25BE;815;559;8229;0.0;-1.0;-6.0;348;-9.0;31;9.87;;Bruges Blvd Parc des Expositions;Sens Entrant;;
Z26BS;177;187;2132;2.0;-23.0;-14.0;42;-14.0;28;;;Bègles 98 Rue Alexis Capelle;Sens Sortant;;
Z27BS;572;447;5605;0.0;-26.0;-12.0;291;0.0;55;1.84;;Pessac Avenue Haut-L‚vˆque;Sens Sortant;;
Z29AE;561;339;4111;-22.0;-6.0;-10.0;79;-4.0;53;-0.63;;Artigues Blvd de Feydeau;Sens Entrant;;
Z29AS;230;425;3215;-16.0;-18.0;-15.0;61;-13.0;53;-3.15;;Artigues Blvd de Feydeau;Sens Sortant;;
Z29CE;1786;1270;16713;-9.0;-11.0;-9.0;627;4.0;30;4.67;;Cenon Blvd de l'Entre-deux-Mers;Sens Entrant;;
Z30BS;688;556;7569;-9.0;-9.0;-10.0;249;0.0;39;1.06;;Mérignac Avenue de la Marne;Sens Sortant;;
Z30DNS;338;445;5460;-11.0;-11.0;-8.0;184;2.0;48;-1.0;;Mérignac 66 Avenue Pierre Mendès France;Sens Mérignac vers Pessac;;
Z30ENS;220;414;3570;-20.0;-15.0;-10.0;86;-7.0;42;0.23;;Mérignac Avenue Bon Air (caserne du Burck);Sens Mérignac vers Pessac;;
Z30ESN;376;274;3656;-26.0;-17.0;-11.0;98;-3.0;41;4.29;;Mérignac Avenue Bon Air (caserne du Burck);Sens Pessac vers Mérignac;;
Z32AE;576;567;6690;-18.0;-16.0;-15.0;395;-4.0;47;17.13;;Floirac 35 Avenue Gaston Cabannes;Sens Entrant;;
Z10CT1;704;706;10372;-17.0;-24.0;-15.0;;;;;;Bordeaux Blvd Leclerc après Thomas;Boulevards Nord > Sud;;
Z10CT12;489;385;5794;-2.0;-5.0;0.0;;;;;;Bordeaux Rue Saignat avant Pl Campeyrau;Sens Sortant;;
Z10CT15;357;410;5010;-7.0;-4.0;-9.0;;;;;;Talence Cours Galliéni après XIV Juillet;Sens Entrant;;
Z10CT16;;;;;;;;;;;;Bordeaux Cours Galliéni après Quintin;Sens Sortant;;
Z10CT17;442;427;4898;-7.0;-11.0;-8.0;;;;;;Talence Rue Vieille Tour après Lavoisier;Sens Entrant;;
Z10CT19;714;791;9790;-10.0;-3.0;-7.0;;;;;;Bordeaux Béchade après giratoire;Sens Sortant;;
Z10CT21;617;648;9956;3.0;2.0;-1.0;;;;;;Bordeaux Tauzin après Haut Brion;Sens Entrant;;
Z10CT23;597;682;9440;-1.0;4.0;-3.0;;;;;;Bordeaux Tauzin avant Rue Haut Brion;Sens Sortant;;
Z10CT4;1192;967;14883;-8.0;-11.0;-11.0;;;;;;Bordeaux 64 Blvd George V;Boulevards Sud > Nord;;
Z10CT7;655;554;7047;-6.0;-1.0;-5.0;;;;;;Talence 35 Cours Galliéni;Sens Sortant;;
Z11CT10;1122;1371;16486;-8.0;-8.0;-8.0;;;;;;Bordeaux Blvd Roosevelt après Rue Hoche;Nord > Sud;;
Z11CT11;588;486;5547;-6.0;-12.0;-11.0;;;;;;Talence Rue Goblet;Sens Entrant;;
Z11CT16;389;378;4562;-6.0;-1.0;-5.0;;;;;;Talence Cours Gambetta après Roustaing;Sens Sortant;;
Z11CT2;398;441;5222;-4.0;-8.0;-8.0;;;;;;Talence Cours Gambetta avant Pt SNCF;Sens Entrant;;
Z12CT12;838;759;11469;-1.0;-8.0;-6.0;;;;;;Bordeaux Blvd Albert 1er après Daguin;Sud > Nord;;
Z12CT3;430;465;6255;-1.0;4.0;3.0;;;;;;Bordeaux Cours de la Somme après Rue Brun;Sens Sortant;;
Z12CT5;480;485;7759;-2.0;-3.0;-3.0;;;;;;Bordeaux Route Toulouse avant Suzon;Sens Entrant;;
Z13CT10;521;449;5928;-10.0;-2.0;-7.0;;;;;;Bordeaux Rue Carnot sens entrant;Sens Entrant;;
Z13CT12;975;796;11680;-8.0;-6.0;-5.0;;;;;;Bordeaux Rue Ecole Normale;Sens Entrant;;
Z13CT14;244;233;3788;;;;;;;;;Bordeaux Ulysse Gayon;Sens Sortant;;
Z13CT15;281;322;3708;-15.0;-16.0;-15.0;;;;;;Bordeaux Rue de Tivoli;Sens Sortant;;
Z13CT16;571;446;6492;;;;;;;;;Bordeaux Croix Blanche après Jean Soula;Sens Entrant;;
Z13CT20;336;437;5117;-12.0;-17.0;-13.0;;;;;;Bordeaux Avenue d'Eysines avant F. Faure;Sens Sortant;;
Z13CT21;324;359;4475;-11.0;-8.0;-10.0;;;;;;Bordeaux Rue de la Course;;;
Z14CT11;676;780;12277;;;;;;;;;Bordeaux Blvd Godard avant Ampère;Nord > Sud;;
Z14CT12;1011;1069;14348;29.0;35.0;29.0;;;;;;Bordeaux Rue L. Faure après L. Fargue;Sens Entrant;;
Z14CT18;309;268;3578;-12.0;-9.0;-10.0;;;;;;Bordeaux Quai de Bacalan après L. Faure;Sud > Nord;;
Z14CT2;827;708;11256;-30.0;-22.0;-29.0;;;;;;Bordeaux Blvd Godard avant Jeanvrot;Sud > Nord;;
Z14CT22;1103;1048;13359;-9.0;-1.0;-6.0;;;;;;Bordeaux Pont Chaban Delmas;Sens Entrant;;
Z14CT24;858;688;10101;-11.0;-8.0;-11.0;;;;;;Bordeaux Brazza avant le pont;Nord > Sud;;
Z14CT3;1005;1239;14368;-4.0;-2.0;0.0;;;;;;Bordeaux Pont Chaban Delmas;Sens Sortant;;
Z15CT15;286;225;3475;-8.0;-9.0;-8.0;;;;;;Bordeaux Rue d'Aviau avant Ducau;Sens Entrant;;
Z15CT9;259;285;3508;-6.0;-2.0;-1.0;;;;;;Bordeaux Rue Godard après Lagrange;de Lagrange  > Counord;;
Z16CT13;276;285;3225;-13.0;-13.0;-10.0;;;;;;Pessac Rue Cohé Centre après Pénard;Nord > Sud;;
Z16CT3;358;463;5445;-7.0;-4.0;-1.0;;;;;;Pessac Avenue Jaurès après Jaubert;Sens Sortant;;
Z16CT5;445;463;5274;-7.0;-14.0;-10.0;;;;;;Pessac Avenue Pasteur après Aciéries;Sens Entrant;;
Z16CT7;302;372;4299;-8.0;-5.0;-4.0;;;;;;Pessac Avenue Jean Jaurès après Chiquet;Sens Entrant;;
Z17CT13;159;263;2158;-15.0;-16.0;-14.0;;;;;;Talence Rue Lamartine avant Suzon;Sens Sortant;;
Z17CT4;1858;1549;21504;-8.0;5.0;-4.0;;;;;;Gradignan Cours de Gaulle;Sens Entrant;;
Z17CT8;653;646;8678;-5.0;-6.0;-7.0;;;;;;Gradignan Cours du Général De Gaulle;Sens Entrant;;
Z17CT9;1316;1333;18656;;;;;;;;;Talence Cours Libération avant la Paillère;Sens Sortant;;
Z18CT1;235;461;5441;-5.0;-14.0;-10.0;;;;;;Gradignan Gal de Gaulle avant platanes;Sens Sortant;;
Z18CT12;297;530;6035;-7.0;-5.0;-6.0;;;;;;Gradignan Gal de Gaulle avant Lahouneau;Sens Sortant;;
Z19CT16;564;628;8859;-8.0;-3.0;-5.0;;;;;;Bègles 168 Route de Toulouse après Sévène;Sens Entrant;;
Z19CT4;392;332;4429;-1.0;10.0;-1.0;;;;;;Villenave d'Ornon Rue Labro;Sens Sortant;;
Z19CT7;342;527;6756;;;;;;;;;Villenave d'Ornon Avenue des Pyrénées;Sens Entrant;;
Z19CT8;715;666;9887;;;;;;;;;Bègles Route de Toulouse;Sens Entrant;;
Z1CT1;741;817;10778;-8.0;-5.0;-8.0;;;;;;Bordeaux 17 Quai Louis XVIII Ferrère;Nord > Sud;;
Z1CT10;591;631;8732;;;;;;;;;Bordeaux Quai des Chartrons;Nord > Sud;;
Z1CT3;648;784;9932;-10.0;-6.0;-11.0;;;;;;Bordeaux Quai Louis XVIII Munich/Orléans;Nord > Sud;;
Z20CT1;843;1021;11948;-3.0;-2.0;-4.0;;;;;;Bordeaux Avenue de Gaulle après Bocage;Sens Sortant;;
Z20CT5;641;639;7964;;;;;;;;;Bordeaux Avenue du Maréchal de Lattre de Tassigny;Sens Entrant;;
Z22CT10;193;253;2897;-19.0;0.0;-8.0;;;;;;Lormont Dupin après Tallavi;Pt Aquit=> av de Paris;;
Z22CT11;343;286;3505;-16.0;-7.0;-10.0;;;;;;Lormont Dupin après Lavergne;Av. de Paris=> Pt Aquit;;
Z22CT12;356;297;3612;-14.0;-6.0;-9.0;;;;;;Lormont Dupin  après Resistance;Sens Entrant;;
Z22CT13;833;872;15866;;;;;;;;;Cenon Rue de l'Amitié;Sens Sortant;;
Z22CT2;362;491;5243;-22.0;-13.0;-14.0;;;;;;Cenon Avenue de Paris après 4 Pavillons;Sens Sortant;;
Z22CT8;1012;747;11282;-10.0;-10.0;-9.0;;;;;;Cenon Avenue Carnot après 4 Pavillons;Sens Entrant;;
Z23CT10;603;619;8745;;;;;;;;;Eysines Avenue du Médoc avant C. du Vigean;Sens Entrant;;
Z23CT9;444;383;4761;;;;;;;;;Le Bouscat Avenue de l'Hippodrome avant la route du Médoc;Sud > Nord;;
Z24CT11;621;1024;12587;6.0;8.0;-5.0;;;;;;Mérignac Magudas après rocade;Sens Entrant;;
Z24CT13;345;536;5241;-26.0;7.0;-7.0;;;;;;Le Haillan G. Eiffel après Laplace;Sud > Nord;;
Z24CT2;561;627;6609;;;;;;;;;Eysines Avenue de St Médard;Sens Entrant;;
Z25CT11;583;733;7174;-13.0;-20.0;-12.0;;;;;;Bordeaux Allée Boutaut avant Claudeville;Sens Entrant;;
Z25CT13;560;520;6680;-12.0;8.0;-4.0;;;;;;Bordeaux Allée de Boutaut après Laroque;Sens Sortant;;
Z25CT14;677;818;8870;-13.0;-6.0;-7.0;;;;;;Bordeaux Allée Boutaut après Claudeville;Sens Entrant;;
Z25CT16;55;90;973;2.0;-5.0;3.0;;;;;;Bordeaux Cours de Quebec après Laroque;Sud > Nord;;
Z25CT17;72;191;2042;-19.0;-10.0;-9.0;;;;;;Bordeaux Quebec avant Royer;Nord > Sud;;
Z25CT19;520;298;4145;-19.0;-19.0;-22.0;;;;;;Bordeaux Vélodrome N>S;Nord > Sud;;
Z25CT24;88;110;1113;6.0;-21.0;3.0;;;;;;Bordeaux Brunet avant Brandenburg;Sens Entrant;;
Z26CT1;616;712;10855;-5.0;-11.0;13.0;;;;;;Bordeaux Blvd Albert 1er avant Curie;Nord > Sud;;
Z26CT4;328;291;4446;21.0;9.0;10.0;;;;;;Bordeaux Carle Vernet  avant Armagnac;Sens Entrant;;
Z26CT5;169;172;2415;-30.0;-20.0;-22.0;;;;;;Bordeaux Pallière avant Carle Vernet;Sens Entrant;;
Z26CT8;157;215;2188;-6.0;-6.0;-2.0;;;;;;Bègles Moga  après Durcy;Sens Entrant;;
Z27CT16;220;353;3759;-11.0;-16.0;-10.0;;;;;;Pessac Haut Lévêque après Avenue de Canéjan;Sud > Nord;;
Z27CT4;422;693;7658;13.0;1.0;5.0;;;;;;Pessac Avenue Leclerc après Félix Faure;Sens Sortant;;
Z27CT5;254;506;5053;-14.0;-8.0;-14.0;;;;;;Pessac Avenue du Haut Lévêque après le CHR;Sud > Nord;;
Z28CT3;188;440;4957;-25.0;-7.0;-13.0;;;;;;St Médard Avenue Montaigne;Sens Sortant;;
Z28CT8;560;550;7317;-4.0;1.0;-4.0;;;;;;St Médard Avenue DescaRoutes après Gauthier;Sens Entrant;;
Z29CT10;212;414;3923;-12.0;-9.0;-9.0;;;;;;Floirac Dubedout avant Allende;Sens Sortant;;
Z29CT13;160;221;2399;-8.0;-6.0;-5.0;;;;;;Floirac Avenue Clémenceau après Dubedout;Sud > Nord;;
Z29CT4;220;161;2255;-6.0;-6.0;-9.0;;;;;;Bordeaux Rue Galin;Sens Entrant;;
Z2CT20;95;149;2315;-21.0;-23.0;-22.0;;;;;;Bordeaux Montée place Bir Hakeim;Bretelle N>S Montée vers pl Bir Hakeim;;
Z2CT23;185;304;3329;-28.0;-22.0;-24.0;;;;;;Bordeaux Rue de Belfort après Juin;Nord > Sud;;
Z2CT24;86;156;2258;7.0;6.0;4.0;;;;;;Bordeaux Alsace-Lorraine après Cheverus;Sens Sortant;;
Z2CT7;548;428;6181;-15.0;-13.0;-16.0;;;;;;Bordeaux Juin A.France;Sens Sortant;;
Z30CT12;352;595;6773;-23.0;-6.0;-11.0;;;;;;Mérignac Avenue Somme avant Chemin Long;Sens Sortant;;
Z30CT15;82;146;1473;-20.0;-32.0;-28.0;;;;;;Mérignac Route  Pessac;Nord > Sud;;
Z30CT17;464;509;6431;-2.0;-2.0;1.0;;;;;;Mérignac Avenue Mendès-France;Sud > Nord;;
Z30CT19;497;422;5782;-15.0;-3.0;-11.0;;;;;;Mérignac Avenue Maréchal Leclerc après Coty;Nord > Sud;;
Z30CT21;453;389;5733;-13.0;-16.0;-15.0;;;;;;Mérignac Avenue de l'Alouette;Sud > Nord;;
Z30CT22;271;512;5929;-23.0;-23.0;-18.0;;;;;;Mérignac Avenue de l'Alouette après  Somme;Nord > Sud;;
Z30CT4;122;291;3605;;;;;;;;;Mérignac Avenue du Président John Fitzgerald Kennedy;Sens Sortant;;
Z31CT6;702;715;8895;5.0;-3.0;-5.0;;;;;;Bassens Entrée Ech. 2;Bretelle Entrante Nord;;
Z31CT7;170;720;5958;70.0;-4.0;-3.0;;;;;;Carbon Blanc Griffons avant Pasteur;Sud > Nord;;
Z31CT8;518;483;6451;23.0;-1.0;-2.0;;;;;;Bassens Bourdieu avant Beaumont;Nord > Sud;;
Z3CT14;259;468;3854;-14.0;-12.0;-13.0;;;;;;Bordeaux Rue Lamourous avant St. Genès.;Sens Sortant;;
Z3CT16;313;306;5022;18.0;15.0;7.0;;;;;;Bordeaux Cours de la Marne après Meunier;Sens gare vers Victoire;;
Z4CT15;547;478;8678;;;;;;;;;Bordeaux Cours de Verdun;Nord > Sud;;
Z4CT20;200;213;2924;-3.0;-4.0;-7.0;;;;;;Bordeaux Allée de Bristol;Bristol > Hémicycle;;
Z4CT21;252;294;3694;-15.0;-9.0;-22.0;;;;;;Bordeaux Rue Esprit des Lois;Vers les Quais;;
Z4CT23;288;366;4915;-5.0;2.0;-5.0;;;;;;Bordeaux Cours de Verdun avant Doumer;Sens Sortant;;
Z4CT3;649;592;9630;5.0;8.0;-1.0;;;;;;Bordeaux Cours Clémenceau après Monbadon;Nord > Sud;;
Z4CT8;218;174;3010;-8.0;-7.0;-11.0;;;;;;Bordeaux Rue Judaique après C. d'Eau;Sens Sortant;;
Z5CT15;486;779;8260;-12.0;-18.0;0.0;;;;;;Bordeaux Quai Deschamps;Nord > Sud;;
Z5CT17;2347;1781;22451;1.0;2.0;0.0;;;;;;Bordeaux Pont St Jean;Sens Entrant;;
Z5CT18;1677;1950;22450;-11.0;-9.0;-8.0;;;;;;Bordeaux Pont St Jean;Sens Sortant;;
Z5CT5;1112;919;13567;-5.0;3.0;-3.0;;;;;;Bordeaux Voie sur berge avant Pt St Jean;Rive Gauche Sud > Nord;;
Z5CT6;778;599;7785;;;;;;;;;Bordeaux Quai de Paludate;Sens Entrant vers gare;;
Z5CT7;976;1292;14700;;;;;;;;;Bordeaux Quai de Paludate;Sens Sortant;;
Z6CT16;303;325;4636;-10.0;-3.0;-9.0;;;;;;Bordeaux Rue Judaique avant Soula;Sens Sortant;;
Z6CT17;93;228;2198;-5.0;-8.0;-6.0;;;;;;Bordeaux Rue Nauville avant Judaique;Sud > Nord;;
Z6CT5;485;552;7397;-11.0;-9.0;-9.0;;;;;;Bordeaux Rue Judaique après Chevalier;Sens Sortant;;
Z6CT6;919;1066;13971;-13.0;-14.0;-12.0;;;;;;Bordeaux Avenue de la République;Sens Sortant;;
Z6CT9;414;494;6187;-6.0;-14.0;-15.0;;;;;;Mérignac Avenue de Marne avant Mondésir;Sens Entrant;;
Z7CT16;369;381;4298;-1.0;-7.0;-11.0;;;;;;Mérignac Tassigny avant Robinson;Sens Sortant;;
Z7CT8;170;327;3624;-17.0;-8.0;-13.0;;;;;;Mérignac Avenue Leclerc après V. Eglise;Sud > Nord;;
Z8CT10;388;436;5119;-28.0;-13.0;-17.0;;;;;;Cenon Cours de Verdun après Yser;Curie > J. Jaurès;;
Z8CT11;992;1117;12866;-10.0;-5.0;-8.0;;;;;;Bordeaux Blvd J. Curie après St Emilion;Sens Entrant;;
Z8CT18;290;278;3256;-22.0;-18.0;-17.0;;;;;;Bordeaux bretelle Pont St Emilion;Sens Entrant;;
Z8CT3;266;250;3495;2.0;-7.0;-7.0;;;;;;Bordeaux Avenue Thiers après Pt Bouthier;Sens Entrant;;
Z8CT5;313;226;3730;-7.0;-9.0;-9.0;;;;;;Bordeaux Avenue Thiers après Lauzac;Sens Entrant;;
Z8CT8;545;707;8475;-19.0;-14.0;-14.0;;;;;;Cenon Avenue Carnot après Carrières;Sens Sortant;;
Z9CT1;1075;931;15177;-23.0;-21.0;-20.0;;;;;;Bordeaux Blvd Gautier après Arès;Boulevards Nord > Sud;;
Z9CT18;653;663;9155;-9.0;-11.0;-9.0;;;;;;Bordeaux Blvd G Pompidou après Despagnet;Sens Entrant;;
Z9CT19;742;593;9771;-9.0;-5.0;-8.0;;;;;;Bordeaux Rue de Canolle devant DescaRoutes;Sens Sortant;;
Z9CT2;853;831;11729;-14.0;-18.0;-15.0;;;;;;Bordeaux Blvd Gautier après Larminat;Boulevards Nord > Sud;;
Z9CT3;935;914;12973;-7.0;-10.0;-10.0;;;;;;Bordeaux Blvd Leclerc après Lecoq;Boulevards Sud > Nord;;
Z9CT6;515;443;6276;-1.0;-6.0;-4.0;;;;;;Bordeaux Rue Larminat après Rue Redon;Sens Entrant;;
Z7CT6;;;;;;;;;;;;Mérignac Avenue de Verdun après Rostand;Sens Entrant;;
Z16BE;;;;;;;;;;;;Pessac 9 Avenue de Madran;Sens Entrant;;
Z16CT14;;;;;;;;;;;;Pessac Rue Chateaubriand après Lamartine;Sud > Nord;;
Z06AE;;;;;;;;;;;;Mérignac 44 Avenue de Mérignac;Sens Entrant;;
Z06AS;;;;;;;;;;;;Mérignac 44 Avenue de Mérignac;Sens Sortant;;
Z26CE;;;;;;;;;;;;Bègles 60 Blvd Jean-Jacques BOSC;Nord > Sud;;
Z26CS;;;;;;;;;;;;Bègles 60 Blvd Jean-Jacques BOSC;Sud > Nord;;
Z4CT16;;;;;;;;;;;;Bordeaux Cours de Verdun avant Fondaudège;Nord > Sud;;
Z05AE;116;100;1482;-24.0;-6.0;-8.0;81;-8.0;43;0.74;;Bègles Quai Wilson;Sens Entrant;;
Z05BE;680;521;7448;-9.0;-5.0;-8.0;786;-2.0;46;20.85;;Bordeaux Quai Souys (près Rue Bergès);Sens Entrant;;
Z07AE;490;886;9647;-11.0;0.0;-4.0;440;12.0;33;4.94;;Mérignac face 130 bis Avenue de l'Yser;Sens Entrant;;
Z07AS;600;565;8800;-3.0;-1.0;-6.0;594;0.0;26;3.08;;Mérignac face 130 bis Avenue de l'Yser;Sens Sortant;;
Z07BS;513;447;5516;59.0;16.0;12.0;173;-6.0;39;23.25;;Mérignac 20 Avenue du Chut;Sens Sortant;;
Z09AS;415;530;6687;-3.0;1.0;-4.0;334;-4.0;35;4.18;;Mérignac VDO;Sens Sortant;;
Z10AE;433;429;4883;2.0;-11.0;-8.0;84;0.0;44;3.97;;Talence Rue Vieille Tour Médoquine;Sens Entrant;;
Z10BE;465;507;5707;-4.0;-15.0;-12.0;468;-3.0;34;2.37;;Bordeaux Rue Bethmann Bx II;Sens Entrant;;
Z14BE;265;462;5329;2.0;-1.0;-9.0;531;-8.0;37;;;Bordeaux Blvd A.Daney Latule R.Maran;Sens Entrant;;
Z16AS;444;421;5477;-16.0;-12.0;-9.0;268;-3.0;42;2.69;;Pessac 190 Avenue Jean Jaurès;Sens Sortant;;
Z16CE;523;738;7714;-4.0;-8.0;-8.0;405;0.0;20;-2.51;;Pessac Avenue de Canejan niveau rocade;Sens Entrant;;
Z17AS;366;373;5088;-15.0;-6.0;-11.0;162;-11.0;20;16.28;;Talence Libération Roul Peixotto;Sens Sortant;;
Z17BE;997;1061;14553;-3.0;0.0;-4.0;680;3.0;27;1.78;;Talence Liberation Peyberland Rabelais;Sens Entrant;;
Z17BS;972;995;12979;-2.0;1.0;-9.0;674;1.0;28;0.76;;Talence Liberation Peyberland Rabelais;Sens Sortant;;
Z17CS;277;654;4403;-9.0;-15.0;-12.0;134;-4.0;44;9.0;;Gradignan 14 Rue Naudet;Sens Sortant;;
Z19BE;694;736;10222;9.0;10.0;9.0;750;12.0;15;-15.18;;Villenave d'Ornon 509 Route Toulouse;Sens Entrant;;
Z19CE;591;749;9231;-8.0;5.0;-3.0;517;0.0;33;14.77;;Villenave d'Ornon Rue Pierre Proud'hon;Sens Entrant;;
Z19DE;393;360;4356;-5.0;-1.0;-2.0;112;2.0;42;2.18;;Talence 177 chemin de Leysotte;Sens Entrant;;
Z20BS;438;633;6254;-9.0;-3.0;-8.0;205;-4.0;31;9.18;;Bordeaux 193 Rue Pasteur;Sens Sortant;;
Z21BE;561;513;5990;-10.0;-9.0;-10.0;142;-19.0;32;6.6;;Le Bouscat 168 Avenue d'Eysines;Sens Entrant;;
Z21BS;432;542;5700;-17.0;-14.0;-17.0;132;-14.0;34;11.99;;Le Bouscat 168 Avenue d'Eysines;Sens Sortant;;
Z22BE;387;457;5682;-5.0;-6.0;-6.0;271;-8.0;29;8.33;;Lormont 36 Avenue de Paris;Sens Entrant;;
Z22BS;335;466;4942;-25.0;-11.0;-12.0;256;-17.0;35;3.86;;Lormont 36 Avenue de Paris;Sens Sortant;;
Z22DS;316;722;7457;;-4.0;-2.0;342;2.0;38;26.2;;Lormont Avenue de la Résistance;Sens Sortant;;
Z23AS;530;572;6124;0.0;2.0;-5.0;137;-20.0;37;2.11;;Eysines 126 Avenue du Taillan;Sens Sortant;;
Z23BE;400;463;5663;-2.0;1.0;-9.0;389;-17.0;32;5.21;;Bruges Avenue de Gaulle Fleuranceau Rocade;Sens Entrant;;
Z23DS;517;454;5332;-5.0;3.0;0.0;292;15.0;46;4.11;;Bruges Rue de Fieuzal;Sens Sortant;;
Z23ES;941;1417;14300;11.0;1.0;1.0;701;14.0;69;10.17;;Le Taillan-Médoc Route de Lacanau;Sens Sortant;;
Z25AE;578;609;7973;-4.0;11.0;-5.0;258;-5.0;40;7.88;;Bruges Allée de Boutaut;Sens Entrant;;
Z25AS;588;574;7095;-5.0;-1.0;-6.0;210;-5.0;50;0.41;;Bruges Allée de Boutaut;Sens Sortant;;
Z25BS;702;952;10604;-3.0;2.0;-4.0;608;;27;;;Bruges Blvd Parc des Expositions;Sens Sortant;;
Z26AS;414;588;6636;-7.0;-10.0;-5.0;380;12.0;43;-0.72;;Bègles Route de Courréjean;Sens Sortant;;
Z26BE;249;206;2663;-27.0;-17.0;-21.0;92;-35.0;30;;;Bègles 98 Rue Alexis Capelle;Sens Entrant;;
Z27BE;375;530;5555;-12.0;-11.0;-10.0;288;4.0;48;8.58;;Pessac Avenue Haut-L‚vˆque;Sens Entrant;;
Z29BE;1933;1648;20934;-5.0;-8.0;-6.0;659;1.0;42;8.52;;Bordeaux Blvd Joliot Curie après Benauge;Sens Entrant;;
Z29BS;;;;;;;;;;;;Bordeaux Blvd Joliot Curie après Benauge;Sens Sortant;;
Z29DE;891;698;9282;-4.0;1.0;-4.0;327;-4.0;29;-3.95;;Cenon Avenue Jean Zay / bretelle rocade;Sens Entrant;;
Z29DS;436;843;8625;2.0;8.0;1.0;321;0.0;30;0.28;;Cenon Avenue Jean Zay / bretelle rocade;Sens Sortant;;
Z30BE;413;595;6627;-8.0;-14.0;-14.0;229;-3.0;42;4.02;;Mérignac Avenue de la Marne;Sens Entrant;;
Z30CE;352;576;5891;7.0;-5.0;-6.0;239;16.0;30;1.83;;Mérignac face 153 Avenue de la Somme;Sens Entrant;;
Z30DSN;490;477;6264;-19.0;-7.0;-7.0;170;2.0;37;-0.22;;Mérignac 66 AvenuePierre Mendès France;Sens Pessac vers Mérignac;;
Z30FNS;458;720;7251;-7.0;-8.0;-9.0;620;11.0;59;3.78;;Mérignac Roland GARROS;Nord > Sud;;
Z30FSN;891;580;7735;-28.0;-8.0;-18.0;624;3.0;54;14.17;;Mérignac Roland GARROS;Sud > Nord;;
Z33AS;595;867;10435;;;;995;;52;;;Blanquefort Avenue du XI Novembre;Sens Sortant;;
Z35AS;267;961;10198;;;;477;;43;0.0;;Ambares Avenue de la Libération;Sens Sortant;;
Z7CS;290;691;5040;25.0;-11.0;-15.0;276;-19.0;;;;Martignas Avenue du bassin d'Arcachon;Sens Sortant;;
Z10CT11;263;317;3335;-4.0;-5.0;3.0;;;;;;Bordeaux Rue Mouneyra après Dupeux;Sens Sortant;;
Z10CT14;684;627;9611;10.0;12.0;1.0;;;;;;Bordeaux Rue Saignat après Pl Campeyrau;Sens Entrant;;
Z10CT2;751;894;12091;-16.0;-16.0;-13.0;;;;;;Bordeaux Blvd George V après Saignat;Boulevards Nord > Sud;;
Z10CT22;;;;;;;;;;;;Bordeaux Sourdis après Tondu;Sens Entrant;;
Z10CT3;1004;902;14135;-4.0;-6.0;-6.0;;;;;;Bordeaux Blvd George V avant barr Pessac;Boulevards Sud > Nord;;
Z11CT12;1098;987;13617;-3.0;0.0;-4.0;;;;;;Bordeaux Blvd Roosevelt avant Jaurès;Sud > Nord;;
Z11CT13;313;361;4310;5.0;-3.0;-4.0;;;;;;Bordeaux Rue Brun;Bld > Somme;;
Z11CT14;;;;;;;;;;;;Bordeaux Blvd Roosevelt avant trémis;Boulevards Sud > Nord;;
Z11CT15;365;362;4477;-8.0;2.0;-3.0;;;;;;Talence Cours Gambetta après Pt SNCF;Sens Sortant;;
Z11CT8;217;266;2992;-9.0;1.0;-4.0;;;;;;Talence Cours Gambetta avant Combes;Sens Sortant;;
Z12CT10;682;807;10296;-10.0;-10.0;-7.0;;;;;;Bordeaux Blvd Albert 1er après Cabié;Nord > Sud;;
Z12CT13;649;614;8904;-7.0;-4.0;-6.0;;;;;;Bordeaux 52 Blvd Albert 1er;Sud > Nord;;
Z12CT2;370;317;4713;-3.0;-6.0;-5.0;;;;;;Bordeaux Rue Malbec avant Nansouty;Sens Sortant;;
Z12CT4;775;826;10799;-6.0;0.0;-3.0;;;;;;Bordeaux Route Toulouse après Suzon;Sens Sortant;;
Z12CT9;676;746;9937;-11.0;-15.0;-11.0;;;;;;Bordeaux Blvd Roosevelt avant Toulouse;Nord > Sud;;
Z13CT2;837;899;14513;-18.0;-18.0;-16.0;;;;;;Bordeaux Blvd Pierre 1er après Tivoli;Nord > Sud;;
Z13CT3;1108;1063;16409;-12.0;-12.0;-13.0;;;;;;Bordeaux Blvd Wilson après Eysines;Nord > Sud;;
Z13CT4;1136;1107;17544;-3.0;-2.0;-8.0;;;;;;Bordeaux Blvd Wilson après Colmar;Sud > Nord;;
Z13CT5;1375;1405;21821;;;;;;;;;Bordeaux Blvd Wilson après Carnot;Sud > Nord;;
Z13CT6;;;;;;;;;;;;Bordeaux Rue Croix de Seguey;Sens Sortant;;
Z13CT7;187;373;3507;;;;;;;;;Bordeaux Cours de la Libération;Sens Sortant;;
Z14CT13;377;382;5411;-3.0;1.0;-7.0;;;;;;Bordeaux Quai Chartrons;Nord > Sud;;
Z14CT17;823;799;10463;-4.0;2.0;-6.0;;;;;;Bordeaux Rue L. Faure;Sens Sortant;;
Z14CT19;547;654;7516;-7.0;0.0;-4.0;;;;;;Bordeaux Cours Balguerie Stuttenberg;Sens Sortant;;
Z14CT20;278;534;5738;;;;;;;;;Bordeaux Boulevard Alfred Daney;Sens Entrant;;
Z14CT21;393;453;6701;;;;;;;;;Bordeaux Boulevard Alfred Daney;Sens Sortant;;
Z14CT4;765;666;8820;;;;;;;;;Le Bouscat Allée de Boutaut;Sens Entrant;;
Z14CT9;2077;1504;24033;4.0;2.0;-2.0;;;;;;Bordeaux Blvd A d'Aquitaine avant Latule;Sens Entrant;;
Z15CT11;180;219;2315;-22.0;-16.0;-10.0;;;;;;Bordeaux Avenue E. Counord après giratoire;Sens Sortant;;
Z15CT13;62;91;1216;-3.0;4.0;3.0;;;;;;Bordeaux Avenue E. Counord après Godard;Sens Sortant;;
Z15CT17;299;340;3723;-15.0;-11.0;-15.0;;;;;;Bordeaux Rue Mandron après Rue Godard;Sens Sortant;;
Z15CT5;294;312;4312;;;;;;;;;Bordeaux Cours Martinique après Portal;Sens Sortant;;
Z15CT6;33;40;501;-21.0;-16.0;-16.0;;;;;;Bordeaux Cours E. de Fayolle après Doumer;Sens Sortant;;
Z16CT10;478;532;5784;-8.0;-12.0;-11.0;;;;;;Pessac Rue Pénard avant Cohé;Sens Sortant;;
Z16CT2;393;472;5284;-11.0;-6.0;-5.0;;;;;;Bordeaux Avenue Jaurès;Sens Sortant;;
Z16CT8;275;310;3385;-15.0;-11.0;-10.0;;;;;;Pessac Rue Pénard après Echoppes;Sens Sortant;;
Z17CT14;;;;;;;;;;;;Talence Cours de la Libération après Roul;Sens Sortant;;
Z17CT2;423;447;6344;-6.0;-2.0;0.0;;;;;;Talence Cours de la Libération après Bdx 1;Sens Sortant;;
Z17CT5;397;575;7924;;;;;;;;;Talence 552 Cours  Lib‚ration;Sens Entrant;;
Z17CT7;358;422;5586;17.0;10.0;7.0;;;;;;Talence Libération après Suzon;Sens Entrant;;
Z18CT3;171;468;4586;1.0;-2.0;-3.0;;;;;;Gradignan Gal de Gaulle après place;Sens Sortant;;
Z19CT10;286;263;3473;-22.0;-21.0;-16.0;;;;;;Villenave d'Ornon Labro vers Bègles;Sens Entrant;;
Z19CT12;200;55;933;-20.0;-11.0;-9.0;;;;;;Villenave d'Ornon Leclerc avant Gaston;Sens Entrant;;
Z19CT15;264;124;1682;;;;;;;;;Villenave-d'Ornon Rue Jean Pages;Sens Entrant;;
Z19CT2;405;405;5967;-10.0;-8.0;-6.0;;;;;;Villenave d'Ornon 246 Route de Toulouse;Sens Entrant;;
Z19CT3;486;477;7119;3.0;1.0;4.0;;;;;;Villenave d'Ornon Toulouse Chatry/Labro;Sens Sortant;;
Z1CT11;728;661;8827;-16.0;-8.0;-12.0;;;;;;Bordeaux Quai Chartrons après  Latour;Sud > Nord;;
Z1CT15;194;184;2749;-18.0;-22.0;-13.0;;;;;;Bordeaux Martinique;Sens Entrant;;
Z1CT4;848;1140;14160;-15.0;-9.0;-13.0;;;;;;Bordeaux Quai Richelieu Aides/Cailhau;Nord > Sud;;
Z1CT5;1407;1104;16060;-8.0;-6.0;-9.0;;;;;;Bordeaux Quai Richelieu  Cailhau/Bourse;Sud > Nord;;
Z20CT2;414;538;6229;2.0;1.0;-4.0;;;;;;Bordeaux Avenue Leclerc après Monument;Sens Sortant;;
Z20CT4;619;641;7133;-10.0;-7.0;-8.0;;;;;;Bordeaux Avenue Tassigny  avant Bleuets;Sens Entrant;;
Z20CT7;;;;;;;;;;;;Bordeaux Avenue Barthou après La Cape;Sens Sortant;;
Z20CT8;;;;;;;;;;;;Bordeaux Avenue Louis Barthou avant La Cape;Sens Entrant;;
Z21CT1;302;344;3742;;;;;;;;;Bordeaux Avenue Libération avant Poincaré;Sens Sortant;;
Z21CT3;374;386;4731;;;;;;;;;Bordeaux Avenue Libération après le carrefour, avant la Rue des Ecus;Sens Sortant;;
Z22CT4;1094;957;14264;-3.0;-6.0;-5.0;;;;;;Artigues Avenue Kennedy avant 4 Pavillons;Sens Entrant;;
Z22CT7;302;405;4988;-12.0;-5.0;-8.0;;;;;;Lormont Avenue de Paris vers 4 Pavillons;Nord > Sud;;
Z23CT13;191;213;2512;;;;;;;;;Bruges Avenue Charles de Gaulle;Sud > Nord;;
Z23CT3;664;817;10079;;;;;;;;;Bruges Route du Médoc avant Croix du Vigean;Sens Sortant;;
Z23CT6;335;361;5175;;;;;;;;;Eysines Avenue du Médoc avant Route Pauillac;Sens Entrant;;
Z24CT12;819;965;11713;-4.0;-2.0;-4.0;;;;;;Le Haillan Magudas avant rocade;Sens Entrant;;
Z24CT4;496;552;6172;-8.0;-10.0;-7.0;;;;;;Le Haillan Avenue Pasteur après Chavailles;Sens Entrant;;
Z24CT7;92;336;2644;-7.0;-15.0;-12.0;;;;;;Mérignac Daudet avant Magudas;Sud > Nord;;
Z24CT8;1479;1257;16481;-3.0;0.0;-3.0;;;;;;Mérignac Magudas avant rocade;Sens Sortant;;
Z24CT9;1128;907;14408;2.0;14.0;0.0;;;;;;Mérignac Magudas après Cigale;Sens Sortant;;
Z25CT1;393;304;4106;-11.0;-5.0;-14.0;;;;;;Bordeaux Cours Bricaud après Ratabou;Sens Entrant;;
Z25CT2;;;;;;;;;;;;Bordeaux Cours Bricaud après giratoire;Sens Sortant;;
Z25CT20;405;474;4531;-39.0;-27.0;-29.0;;;;;;Bordeaux Bricaud S>N avant v‚lodrome;Sud > Nord;;
Z25CT6;243;429;4990;-8.0;1.0;-1.0;;;;;;Bordeaux Avenue 40 Journaux avant Tobeen;Sud > Nord;;
Z26CT7;85;96;1005;18.0;4.0;10.0;;;;;;Bègles Croizat après Lapelleterie;Sens Sortant;;
Z27CT1;608;568;7154;-1.0;-3.0;-3.0;;;;;;Pessac Avenue Leclerc avant Félix Faure;Sens Entrant;;
Z27CT11;384;690;7338;1.0;-2.0;-3.0;;;;;;Pessac Avenue Leclerc après Meyraud;Sens Sortant;;
Z27CT12;630;620;8009;-2.0;-3.0;-3.0;;;;;;Pessac Avenue Leclerc avant Meyraud;Sens Entrant;;
Z27CT13;223;350;3754;-9.0;-15.0;-10.0;;;;;;Pessac Haut Lévêque avant Matisse;Sud > Nord;;
Z27CT14;504;421;5289;-3.0;-22.0;-11.0;;;;;;Pessac Haut Lévêque avant Magellan;Nord > Sud;;
Z27CT15;153;260;2211;3.0;-17.0;7.0;;;;;;Pessac Avenue de Canéjan;Sens Entrant;;
Z27CT2;589;568;6615;-8.0;-11.0;-8.0;;;;;;Pessac Pasteur après Haut-Lévêque;Sens Entrant;;
Z27CT8;550;318;4300;;;;;;;;;Pessac Rue des Anciens de l'AFN;Nord > Sud;;
Z27CT9;717;896;10013;2.0;-11.0;-5.0;;;;;;Pessac Avenue du Bourghail après Monbalon;Nord > Sud;;
Z28CT4;357;190;2777;;;;;;;;;St Médard Avenue de Gaulle avant Rousseau;Sens Entrant;;
Z28CT7;559;594;7829;-2.0;0.0;-5.0;;;;;;St Médard Avenue Montaigne après Rue Capsec;Sens Entrant;;
Z29CT14;415;485;5561;-11.0;1.0;-4.0;;;;;;Cenon Avenue Jean Zay avant PP Gsc Perrault;Sens Entrant;;
Z29CT15;392;343;4457;12.0;-2.0;1.0;;;;;;Cenon Avenue Clémenceau avant 8 mai 45;Sens Sortant;;
Z29CT2;407;383;4548;-8.0;-10.0;-12.0;;;;;;Floirac Monrepos avant Cours Gambetta;Sens Entrant;;
Z29CT5;110;266;2269;-6.0;2.0;-1.0;;;;;;Bordeaux Rue Galin;Sens Sortant;;
Z29CT6;534;886;8329;-6.0;-7.0;-6.0;;;;;;Cenon Bretelle Curie vers entre 2 mers;Curie > Entre Deux Mers;;
Z2CT11;572;465;7816;-6.0;-8.0;-4.0;;;;;;Bordeaux Cours d'Albret après République;Sud > Nord;;
Z2CT15;367;481;5931;-3.0;2.0;-3.0;;;;;;Bordeaux Rue de Cursol après Joffre;Sens Sortant;;
Z2CT18;283;406;4830;-16.0;-10.0;-14.0;;;;;;Bordeaux Cours V. Hugo après Cours Pasteur;Sens Sortant;;
Z2CT19;167;233;3084;-15.0;-14.0;-13.0;;;;;;Bordeaux Rue J. Burguet après République;Nord > Sud;;
Z2CT5;274;400;4950;-10.0;-5.0;-9.0;;;;;;Bordeaux Juin après Belfort;Sens Entrant;;
Z30CT18;212;400;4466;-31.0;-25.0;-23.0;;;;;;Mérignac Avenue du Maréchal Leclerc;Sud > Nord;;
Z30CT20;140;372;3315;-18.0;-20.0;-17.0;;;;;;Mérignac Avenue Maréchal Leclerc;Sud > Nord;;
Z30CT3;534;717;9480;-15.0;-26.0;-22.0;;;;;;Mérignac Avenue Cassin avant Kennedy;Sens Entrant;;
Z30CT5;389;945;10469;-17.0;-23.0;-23.0;;;;;;Mérignac Avenue de la Somme après Mirepin;Sens Entrant;;
Z30CT6;345;702;7791;-24.0;-26.0;-23.0;;;;;;Mérignac Avenue de la Marne après 4 Chemins;Sens Entrant;;
Z30CT7;246;307;3463;-37.0;-25.0;-25.0;;;;;;Mérignac Rue de Belfort avant  4 Chemins;Sud > Nord;;
Z31CT1;552;1229;12654;70.0;0.0;0.0;;;;;;Bassens Rond point Ricard > côte de la Garonne;Sud > Nord;;
Z31CT3;251;298;3957;36.0;-3.0;-2.0;;;;;;Bassens Route de Bassens;Nord > Sud;;
Z31CT5;354;485;6780;10.0;6.0;-3.0;;;;;;Bassens Côte de la Garonne;Sud > Nord;;
Z3CT17;86;87;1339;6.0;2.0;0.0;;;;;;Bordeaux 36 Cours de l' Argonne;Sens Entrant;;
Z3CT2;608;484;7698;19.0;14.0;13.0;;;;;;Bordeaux Briand Albret après J. Burguet;Sud > Nord;;
Z3CT8;315;239;4224;;;;;;;;;Bordeaux Cours Marne après Victoire;Marne vers la gare;;
Z4CT11;619;564;7960;-7.0;-6.0;-8.0;;;;;;Bordeaux Rue Capdeville place du Prado;Sens Entrant;;
Z4CT13;415;415;5545;-6.0;-8.0;-11.0;;;;;;Bordeaux : Bonnac entrant après Sourdis;Centre Ville Entrant;;
Z4CT14;318;313;4517;-6.0;-6.0;-10.0;;;;;;Bordeaux Cours de Verdun avant Gourgues;Sud > Nord;;
Z4CT2;468;380;7206;0.0;-9.0;-10.0;;;;;;Bordeaux Allée de Tourny;place de la Comédie => place Tourny;;
Z4CT5;39;54;828;;;;;;;;;Bordeaux Cours de Tournon après la Rue Boudet;place des Quinconces => place Tourny;;
Z4CT9;343;288;5189;-7.0;-12.0;-28.0;;;;;;Bordeaux 20 Rue Judaique;Sens Sortant;;
Z5CT10;751;831;11552;-20.0;-18.0;-17.0;;;;;;Bordeaux Rue Saget après Tauzia;de Tauzia > Quais;;
Z5CT14;707;665;7762;;;;;;;;;Bordeaux Quai de Paludate;Sens Sortant;;
Z5CT19;760;633;9616;-27.0;-21.0;-22.0;;;;;;Bordeaux Rue peyronnet;Sens Entrant;;
Z5CT20;557;396;5585;;;;;;;;;Bordeaux Quai de Paludate;Sens Entrant vers Pont de Pierre;;
Z5CT21;1028;792;9118;;;;;;;;;Bordeaux Quai de Paludate;Sens Entrant vers boulevard;;
Z5CT22;1706;1390;19920;-3.0;-6.0;-8.0;;;;;;Bordeaux Quai Ste Croix;Quais  Sud > Nord;;
Z5CT8;534;514;7361;-4.0;-6.0;-6.0;;;;;;Bordeaux Rue Domercq après Pt du Guit;Sens Entrant;;
Z6CT1;1090;969;16170;7.0;-5.0;-4.0;;;;;;Bordeaux Blvd Wilson Pasteur/Ferry;Boulevards Nord > Sud;;
Z6CT12;598;549;7395;-8.0;-10.0;-12.0;;;;;;Bordeaux Rue G. Bonnac après Wilson;Sens Entrant;;
Z6CT13;333;293;3402;-11.0;-14.0;-9.0;;;;;;Bordeaux Rue Mandel après Chevalier;Sens Entrant;;
Z6CT14;457;394;5006;1.0;-4.0;2.0;;;;;;Bordeaux Rue Lachassaigne après Mandel;Nord > Sud;;
Z6CT18;269;216;3089;-7.0;-8.0;-6.0;;;;;;Bordeaux Rue Bernard Adour après Liberté;Sens Entrant;;
Z6CT19;841;880;11114;-13.0;-12.0;-13.0;;;;;;Bordeaux Avenue République après Bel Air;Sens Sortant;;
Z6CT4;1265;1270;19256;-5.0;-6.0;-7.0;;;;;;Bordeaux Blvd Wilson Adour/Judaique;Boulevards Sud > Nord;;
Z6CT8;628;508;6479;-10.0;-6.0;-9.0;;;;;;Mérignac Avenue d'Arès avant Mondésir;Sens Entrant;;
Z7CT1;488;416;5853;-19.0;-14.0;-16.0;;;;;;Mérignac Avenue de Verdun après Ballion;Sens Sortant;;
Z7CT12;608;540;6941;-12.0;0.0;-7.0;;;;;;Mérignac Mendès-France après Verdun;Mérignac => Pessac         Nord > Sud;;
Z7CT14;172;167;2039;-22.0;-3.0;-7.0;;;;;;Mérignac Ouley après Goillot;Nord > Sud;;
Z7CT15;374;453;4833;;;;;;;;;Mérignac Avenue du Chut;Sens Entrant;;
Z7CT17;141;344;3626;-23.0;-12.0;-12.0;;;;;;Mérignac Avenue Libération après de Gaulle;Sud > Nord;;
Z7CT2;466;381;5611;-12.0;-6.0;-9.0;;;;;;Mérignac Avenue de Verdun après Dupuy;Sens Sortant;;
Z8CT12;142;242;2775;-11.0;-10.0;-10.0;;;;;;Bordeaux Avenue Thiers après Bouthier;Sens Sortant;;
Z8CT13;111;141;1710;-8.0;2.0;1.0;;;;;;Bordeaux Avenue Thiers après Stalingrad;Sens Sortant;;
Z8CT14;392;231;3447;-9.0;-3.0;-9.0;;;;;;Bordeaux Rue Sem;Sud > Nord;;
Z8CT2;52;89;733;;;;;;;;;Bordeaux Quai Queyries avant Stalingrad;Quais rive Droite  Nord > Sud;;
Z9CT16;369;528;6505;;;;;;;;;Mérignac Avenue François Mitterrand;Sens Sortant;;
Z9CT17;460;479;6933;-7.0;-6.0;-6.0;;;;;;Mérignac Avenue .Mitterrand après C. Vic;Sens Sortant;;
Z9CT9;464;607;7539;-8.0;-12.0;-14.0;;;;;;Bordeaux Avenue Larminat après Devèze;Sens Sortant;;
Z16BS;;;;;;;;;;;;Pessac 9 Avenue de Madran;Sens Sortant;;
Z12CT8;;;;;;;;;;;;Bordeaux Cours de la Somme après Monsarrat;Sens Entrant;;
Z24CT6;;;;;;;;;;;;Eysines Avenue de St Médard;Sens Entrant;;
Z2CT1;;;;;;;;;;;;Bordeaux Cours Pasteur Hugo/Dubergier;Sud > Nord;;
Z3CT1;;;;;;;;;;;;Bordeaux Rue de Pessac après A. Larrieu;Sens Entrant;;
Z3CT18;;;;;;;;;;;;Bordeaux 113 Cours d'Albret;Nord > Sud;;
Z3CT9;;;;;;;;;;;;Bordeaux 1 Cours de la Libération;Vers Rue du Tondu;;
Z4CT12;;;;;;;;;;;;Bordeaux Rue Capdeville après Judaique;Sens Sortant;;
